<?xml version="1.0" encoding="UTF-8"?><?xml-stylesheet type='text/xsl' href='_UpgradeReport_Files/UpgradeReport.xslt'?><UpgradeLog>
<Properties><Property Name="Solution" Value="HostsChanger">
</Property><Property Name="Solution File" Value="C:\Users\Malte\Documents\Work\HostsChanger\HostsChanger.sln">
</Property><Property Name="Date" Value="24 September 2010">
</Property><Property Name="Time" Value="10:46 AM">
</Property></Properties><Event ErrorLevel="0" Project="HostsChanger" Source="HostsChanger\HostsChanger.csproj" Description="Project converted successfully">
</Event><Event ErrorLevel="3" Project="HostsChanger" Source="HostsChanger\HostsChanger.csproj" Description="Converted">
</Event><Event ErrorLevel="0" Project="" Source="HostsChanger.sln" Description="Solution converted successfully">
</Event><Event ErrorLevel="3" Project="" Source="HostsChanger.sln" Description="Converted">
</Event><Event ErrorLevel="0" Project="HostsChanger" Source="HostsChanger\HostsChanger.csproj" Description="Scan complete: Upgrade not required for project files.">
</Event></UpgradeLog>